{"name":"kwic","classpathEntries":[{"kind":"binary","path":"/usr/lib/jvm/java-8-oracle/jre/lib/resources.jar","sourceContainerUrl":"file:/usr/lib/jvm/java-8-oracle/src.zip","javadocContainerUrl":"https://docs.oracle.com/javase/1/docs/api/","isSystem":true,"isOwn":false,"isTest":false,"isJavaContent":false},{"kind":"binary","path":"/usr/lib/jvm/java-8-oracle/jre/lib/rt.jar","sourceContainerUrl":"file:/usr/lib/jvm/java-8-oracle/src.zip","javadocContainerUrl":"https://docs.oracle.com/javase/1/docs/api/","isSystem":true,"isOwn":false,"isTest":false,"isJavaContent":false},{"kind":"binary","path":"/usr/lib/jvm/java-8-oracle/jre/lib/jsse.jar","sourceContainerUrl":"file:/usr/lib/jvm/java-8-oracle/src.zip","javadocContainerUrl":"https://docs.oracle.com/javase/1/docs/api/","isSystem":true,"isOwn":false,"isTest":false,"isJavaContent":false},{"kind":"binary","path":"/usr/lib/jvm/java-8-oracle/jre/lib/jce.jar","sourceContainerUrl":"file:/usr/lib/jvm/java-8-oracle/src.zip","javadocContainerUrl":"https://docs.oracle.com/javase/1/docs/api/","isSystem":true,"isOwn":false,"isTest":false,"isJavaContent":false},{"kind":"binary","path":"/usr/lib/jvm/java-8-oracle/jre/lib/charsets.jar","sourceContainerUrl":"file:/usr/lib/jvm/java-8-oracle/src.zip","javadocContainerUrl":"https://docs.oracle.com/javase/1/docs/api/","isSystem":true,"isOwn":false,"isTest":false,"isJavaContent":false},{"kind":"binary","path":"/usr/lib/jvm/java-8-oracle/jre/lib/jfr.jar","sourceContainerUrl":"file:/usr/lib/jvm/java-8-oracle/src.zip","javadocContainerUrl":"https://docs.oracle.com/javase/1/docs/api/","isSystem":true,"isOwn":false,"isTest":false,"isJavaContent":false},{"kind":"source","path":"/home/carlosl.sanchez/git/EjemplosJ2SE/MavenDocker/kwic/src","outputFolder":"/home/carlosl.sanchez/git/EjemplosJ2SE/MavenDocker/kwic/target/classes","javadocContainerUrl":"file:/home/carlosl.sanchez/git/EjemplosJ2SE/MavenDocker/kwic/target/site/apidocs","isSystem":false,"isOwn":true,"isTest":false,"isJavaContent":true},{"kind":"source","path":"/home/carlosl.sanchez/git/EjemplosJ2SE/MavenDocker/kwic/src/main/resources","outputFolder":"/home/carlosl.sanchez/git/EjemplosJ2SE/MavenDocker/kwic/target/classes","isSystem":false,"isOwn":true,"isTest":false,"isJavaContent":false},{"kind":"source","path":"/home/carlosl.sanchez/git/EjemplosJ2SE/MavenDocker/kwic/src/test/resources","outputFolder":"/home/carlosl.sanchez/git/EjemplosJ2SE/MavenDocker/kwic/target/test-classes","isSystem":false,"isOwn":true,"isTest":true,"isJavaContent":false},{"kind":"source","path":"/home/carlosl.sanchez/git/EjemplosJ2SE/MavenDocker/kwic/src/test/java","outputFolder":"/home/carlosl.sanchez/git/EjemplosJ2SE/MavenDocker/kwic/target/test-classes","javadocContainerUrl":"file:/home/carlosl.sanchez/git/EjemplosJ2SE/MavenDocker/kwic/target/site/apidocs","isSystem":false,"isOwn":true,"isTest":false,"isJavaContent":false}]}